Email,Website,Phone Number,Location
['thewindodr@aol.com'],'http://aol.com',(919) 688-9332,Durham
['tech@tungstenroyce.com'],'http://www.tungstenroyce.com',(949) 734-0182,irvine
['safewaygaragedrs@aol.com'],'http://safewaygaragedoor.com',(714) 414-7979,irvine
['support@anaheimscreenandglass.com'],'http://www.anaheimscreenandglass.com/',(714) 635-9335,irvine
['rapidscreenrepair@yahoo.com'],'http://www.rapidscreenrepair.com',(562) 735-3864,irvine
['doormasters@earthlink.net'],'http://www.doormasters.net/',(888) 433-4881,irvine
['Hong@danjowindows.com'],'http://www.danjowindows.com',(714) 668-0675,irvine
['elizabethk@mcduffdanielsinc.com'],'http://www.mcduffdanielsinc.com',(714) 558-7747,irvine
['NewportBeach@Master-Garage-Door-Service.com'],'https://www.newportbeach.master-garage-door-service.com',(949) 407-5893,irvine
['info@cunninghamwindows.com'],'https://www.cunninghamwindows.com',(714) 258-2500,irvine
['sales@door1systems.com'],'http://door1systems.com',(714) 540-1645,irvine
['gosears@gmail.com'],'http://www.searsgaragedoors.com/anaheim-ca',(949) 313-7550,irvine
['ChampionGarageCA@gmail.com'],'https://www.garagedoorchamp.com',(714) 709-8075,irvine
['sales@avauntgarage.com'],'http://www.avauntgarage.com',(949) 610-1565,irvine
['repair.garagedoor@yahoo.com'],'http://www.yourgaragerapairhuntingtonbeach.info',(888) 240-5756,irvine
['GardenGrove@Capitol-Garage-Door-Service.com'],'https://www.gardengrove.capitol-garage-door-service.com',(714) 732-4862,irvine
['sales@mbfoothill.com'],'http://www.garagedoorrepairfoothillranch.com',(909) 312-0637,irvine
['excaliburdoor@gmail.com'],'http://www.repair4less.us',(714) 845-6312,irvine
['acegarageservices@gmail.com'],'http://acegaragesvcs.com',(714) 489-5136,irvine
['garagedoorsrepairservice@gmail.com'],'http://www.lngs.org',(949) 614-0542,irvine
['garagedoorrepairanaheim@yahoo.com'],'http://www.allgaragedoorsrepair.com/anaheim/index.php',(714) 602-1164,irvine
['RanchoSantaMargarita@Two-Guys-Garage-Door-Service.com'],'https://www.ranchosantamargarita.two-guys-garage-door-service.com',(949) 430-7704,irvine
['gopremierone@yahoo.com'],'http://www.premieroneimprovements.com',(714) 538-8100,irvine
['trupro@socal.rr.com'],'http://www.truprogaragedoor.com',(714) 557-3552,irvine
['GardenGrove@Community-Garage-Door-Service.com'],'https://www.gardengrove.community-garage-door-service.com',(714) 882-5069,irvine
['bookbuyer@aol.com'],'http://www.costamesadoor.com',(949) 548-5555,irvine
['info@americanvisionwindows.com'],'http://www.americanvisionwindows.com',(714) 997-1025,irvine
['rsm@missionviejoglass.com'],'http://www.missionviejoglass.com',(949) 709-3600,irvine
['scott@eisenbartandsons.com'],'http://www.eisenbartandsons.com',(949) 768-5733,irvine
['tsgconstruction1111@gmail.com'],'http://www.watsonconstructionandsales.com',(714) 516-9805,irvine
['info@rbaoc.com'],'https://www.renewalbyandersen.com/window-company/911-orange-county-ca.aspx',(714) 259-5120,irvine
['lewandowski@alpha-alum.com'],'http://www.alpha-alum.com',(714) 210-1507,irvine
['michael_robinson@neupac.com'],'http://coolcurtain.com',(714) 662-3879,irvine
['j_wilber@sbcglobal.net'],'http://www.accentscreendoor.com',(949) 675-4224,irvine
['bobd@vortexdoors.com'],'http://www.vortexdoors.com',(714) 434-8000,irvine
['info@trackdepot.com'],'http://www.trackdepot.com',(714) 890-0700,irvine
['jason@legendarycorp.com'],'http://www.legendarycorp.com',(714) 614-0091,irvine
['info@todaysentrydoors.com'],'http://todaysentrydoors.com',(714) 974-5728,irvine
['calpatiodoor@yahoo.com'],'http://www.californiapatiodoor.com',(714) 536-4570,irvine
['ocsales@lawrencedoors.com'],'http://lawrencedoors.com',(714) 453-0621,irvine
['info@andersensdoor.com'],'http://www.andersensdoor.com',(714) 894-1116,irvine
['dave@ocqhomeproducts.com'],'http://www.ocqhomeproducts.com',(949) 873-3136,irvine
['info@newmanwindows.com'],'http://www.newmanwindows.com/mission-viejo-windows-doors',(949) 454-9000,irvine
['sales@eisenbartandsons.com'],'http://eisenbartandsons.com',(949) 768-5733,irvine
['Wishonglassco@att.net'],'http://www.wishonglassco.com',(949) 722-7696,irvine
['sales@ddh.net'],'http://www.ddh.net',(714) 842-0220,irvine
['Charles@californiawindowandsolar.com'],'https://www.cgwindow.com',(714) 434-8650,irvine
['info@pacificshoreswindows.com'],'http://www.pacificshoreswindows.com',(714) 841-2228,irvine
['acmedoors@gmail.com'],'http://costamesadoor.com',(949) 548-5555,irvine
['quotes@discountwindowusa.com'],'http://www.discountwindowusa.com',(714) 978-7200,irvine
['info@nuviewwindows.com'],'http://www.nuviewwindows.com',(949) 855-0130,irvine
['info@irondoorsshop.com'],'http://www.irondoorsshop.com',(949) 378-9250,irvine
['info@solopetdoors.com'],'https://www.solopetdoors.com',(949) 646-4404,irvine
['info@bartwood.com'],'http://bartwood.com',(714) 979-3473,irvine
['info@moultrup.com'],'http://moultrup.com',(949) 548-3454,irvine
['hostmaster@centralstationrecords.com'],'http://www.stovallinc.com',(949) 642-7000,irvine
['jgagan@shamrockwindowsanddoors.com'],'http://www.shamrockwindowsanddoors.com',(949) 586-8570,irvine
['tmcterry@msn.com'],'http://www.tmcenterprises.com',(714) 771-1777,irvine
['miragegaragedoors@gmail.com'],'http://www.miragegaragedoors.com',(714) 845-6080,irvine
['cloverbrother@hotmail.com'],'http://www.cloversashanddoors.com',(714) 847-1425,irvine
['info@lagunadesigncenter.com'],'http://lagunascientific.com',(949) 363-0379,irvine
['service@dynamicgaragedoor.com'],'http://www.dynamicgaragedoor.com',(714) 941-1919,irvine
['Orange@Golden-Garage-Door-Repair-Service.com'],'https://www.orange.golden-garage-door-repair-service.com',(714) 786-4122,irvine
['atlantisdoorco@gmail.com'],'http://atlantisdoorcompany.com',(800) 332-2719,irvine
['ocdoortech@gmail.com'],'http://www.ocgaragetech.com',(949) 573-1483,irvine
['service@spiritgaragedoors.com'],'http://spiritgaragedoors.com',(949) 610-0887,irvine
['info@gardenpassages.com'],'http://gardenpassages.com',(714) 843-3205,irvine
['sales@theaffordablecompanies.com'],'http://theaffordablecompanies.com',(714) 540-1410,irvine
['info@thecopperdoorbar.com'],'http://thecopperdoorbar.com',(714) 696-1479,irvine
['hk@artofmoulding.com'],'http://artofmoulding.com',(949) 680-9563,irvine
['info@thefoldingdoorstore.com'],'http://www.thefoldingdoorstore.com',(949) 333-3711,irvine
['info@a1showerdoorco.com'],'http://a-1showerdoor.com',(714) 258-3005,irvine
['sales@seabreezesiding.com'],'http://www.seabreezesiding.com',(714) 879-6252,irvine
['salesinquiry@brothersimp.com'],'http://www.brothershomeimprovement.net',(888) 496-9358,irvine
['cdwpi@aol.com'],'http://www.cdwpi.com',(949) 476-0923,irvine
['pfreberg@lawrencedoors.com'],'http://www.door911.com',(800) 400-7603,irvine
['steve@decorativewoods.com'],'http://www.decorativewoods.com',(949) 243-7984,irvine
['info@besserbros.com'],'http://www.besserbros.com',(949) 390-9038,irvine
['info@zieglerdoorsinc.com'],'http://www.zieglerdoorsinc.com',(714) 437-0870,irvine
['sales@commercialdoorcompany.com'],'http://www.commercialdoorcompany.com',(714) 258-1551,irvine
['don.beck@ocsd.com'],'http://www.wayne-dalton.com',(714) 540-1667,irvine
['bristowhomeimprovement@gmail.com'],'http://www.bristowhomeimprovement.com',(919) 423-3818,Durham
['commercialdoorsandmore@aol.com'],'http://commercialdoors.co',(919) 229-1195,Durham
['general@basnights.com'],'http://www.basnights.com',(919) 942-3158,Durham
['david@triangleglassservice.com'],'http://powerbrixx.com',(919) 477-9508,Durham
['info@coleroofingconstruction.com'],'http://www.coleroofingconstruction.com',(919) 698-3207,Durham
['rrutledge@advanceddoornc.com'],'http://www.advanceddoornc.com',(919) 384-0232,Durham
['geraldjonesco@mindspring.com'],'http://geraldjones.com',(919) 286-1700,Durham
['ndc@earthlink.net'],'http://www.replacedoorcloser.com',(919) 220-6284,Durham
['sales@dayandnitedoors.com'],'http://empiregaragedoor.com',(714) 538-1622,irvine
['raleigh@getchampion.com'],'http://www.championwindow.com/locations/Morrisville/default.aspx',(919) 439-7963,Durham
['Shanna@aluminumcompany.com'],'http://www.aluminumcompany.com',(919) 620-8500,Durham
['Jean@myscreendesign.com'],'http://www.myscreendesign.com',(850) 528-8229,Tallahassee
['capitalcityglass1@embarqmail.com'],'http://www.capitalcityglass1.com',(850) 778-9726,Tallahassee
['hrvp@gtoinc.com'],'http://www.gtoaccess.com',(850) 575-0176,Tallahassee
['crosbywelding@embarqmail.com'],'http://crosbywelding.com',(850) 556-3217,Tallahassee
['advancewindow@embarqmail.com'],'https://www.advancewindowmaintenanceandrepair.com',(850) 566-4368,Tallahassee
['carpenterw-d@comcast.net'],'http://www.carpenterwindows.com',(850) 656-7706,Tallahassee
['Tperrin@americanbus.com'],'http://www.americansolutions-tallahassee.com',(850) 296-3843,Tallahassee
['mike.robles@probuild.com'],'http://www.probuild.com',(850) 576-5177,Tallahassee
['sncstglss@aol.com'],'http://suncoast-pt.com',(850) 878-2116,Tallahassee
['kelly.duvall@handymanmatters.com'],'http://www.tallahassee.handymanmatters.com',(850) 907-3358,Tallahassee
['burnsvinylsiding@yahoo.com'],'http://burnsvinylsiding.com',(850) 509-0875,Tallahassee
['SteveR@RobertsonConstructionInc.com'],'http://www.robertsonconstructioninc.com',(850) 251-7788,Tallahassee
['info@garage-door-repair-oc.com'],'http://garage-door-repair-oc.com',(949) 777-6459,irvine
['SantaAna@Neighborhood-Garage-Door-Repair-Service.com'],'https://www.santaana.neighborhood-garage-door-repair-service.com',(714) 602-3047,irvine
['SantaAna@Community-Garage-Door-Repair-Service.com'],'https://www.santaana.community-garage-door-repair-service.com',(714) 464-8551,irvine
['Service@24OCgaragedoors.com'],'https://www.24ocgaragedoors.com',(714) 464-2881,irvine
['yairmeir001@gmail.com'],'http://www.orangecounty-garagedoorrepair.com',(949) 505-5980,irvine
['localgarages@gmail.com'],'http://www.irvinelocalgaragedoor.com',(949) 529-7743,irvine
['cegaragedoors@yahoo.com'],'http://www.highqualitygaragedoors.com',(949) 735-7563,irvine
['admin@irvine-garage-door-repair.com'],'https://www.irvinegaragedoorrepair.com',(949) 682-8959,irvine
['Cygaragedoor@gmail.com'],'http://cygaragedoor.com',(949) 838-4607,irvine
['jrevell@embarqmail.com'],'http://www.revellelectric.com',(850) 570-4484,Tallahassee
['nick@allieddoorsinc.com'],'https://twitter.com/allieddoors',(850) 562-8550,Tallahassee
['gary@overheadtampa.com'],'http://www.overheadTallahassee.com',(850) 907-7764,Tallahassee
['kellysgaragedoorservices@gmail.com'],'http://www.kellysgaragedoorservices.com',(850) 558-6232,Tallahassee
['info@orangecountyhomegaragedoors.com'],'http://www.orangecountyhomegaragedoors.com',(714) 793-0750,irvine
['jill@edgemontgaragedoor.com'],'http://www.edgemontgaragedoor.com',(714) 777-3597,irvine
['luxorgds@gmail.com'],'https://www.luxorgaragedoorservice.com',(657) 210-2021,irvine
['mike@garagedoorservice.com'],'http://garagedoorservice.com',(949) 391-6936,irvine
['Irvine@Neighborhood-Garage-Door.com'],'https://www.irvine.neighborhood-garage-door.com',(949) 333-0423,irvine
['kcpcoinc@live.com'],'https://www.keithspainting.com/',(714) 750-9130,irvine
['sales@legendarycorp.com'],'http://legendarycorp.com',(949) 251-1866,irvine
['hollysdoorrepair@aol.com'],'http://www.hollysdoor.com',(888) 459-0123,irvine
['afterhours@gdmedics.com'],'https://www.gdmedics.com/orange-county-garage-door-repair',(949) 220-2422,irvine
['info@doormartgaragedoors.com'],'http://www.doormartgaragedoors.com',(800) 829-9833,irvine
['contact@mastergaragedoor.com'],'http://mastergaragedoor.com',(813) 320-1110,tampa
['info.orlando@rollupdoor.com'],'http://www.americanrollupdoor.biz',(813) 623-3529,tampa
['Tampa@Global-Garage-Door-Service.com'],'https://www.tampa.global-garage-door-service.com',(813) 438-7824,tampa
['Mazayacali@gmail.com'],'https://api.superpages.com/xml/search?SRC=ypintfeed&subaffiliate=DXC&PGID=e02.7182.8182845904523&SPGID=1551976653975.d47f57ad&ADID=11949907&DEST=http%3A%2F%2Fmazayagaragedoorservice1.mydex.com%2Ff2hpHNM763Q&C=garage%20doors&T=Anaheim&S=CA&PH=(714)%20820-9501&FL=url&TL=off&position=0&PS=1&PI=1&Results=FEED_CLCK&uid=d47f57ad-8bfb-44c9-8dc4-10f87d0c75d8&REF=https%3A%2F%2Fwww.yellowpages.com%2Fsearch%3Fsearch_terms%3Dgarage%2520doors%26geo_location_terms%3Dirvine&IP=71.69.136.242&UserAgent=Scrapy%2F1.5.1%20(%2Bhttps%3A%2F%2Fscrapy.org)',(714) 820-9501,irvine
['info@orlandooverheaddoor.com'],'http://orlandooverheaddoors.com',(352) 241-6474,orlando
['EdwardsOverheadDoors@yahoo.com'],'http://www.edwardsoverheaddoors.yolasite.com',(813) 229-3667,tampa
['Riverview@Garage-Door-24-Hours-Repair.com'],'https://www.riverview.garage-door-24-hours-repair.com',(813) 425-1370,tampa
['parkergleass@verizon.net'],'http://www.parker-glass.com',(813) 518-0313,tampa
['homeresq@gmail.com'],'http://www.homeresqinc.com',(813) 863-9873,tampa
['RidgeTopExteriorsTampa@gmail.com'],'https://www.ridgetopexteriorsfl.com',(813) 345-3001,tampa
['dpeinc@yahoo.com'],'http://www.doorpro-entryways.com',(813) 867-6184,tampa
['anderson.aluminum@verizon.net'],'http://www.andersonaluminum.com',(813) 333-6918,tampa
['baydoors@gmail.com'],'http://www.baysidegaragedoor.com',(813) 433-7395,tampa
['contact@onsiteresidential.com'],'http://www.onsiteconstructiontampa.com',(813) 579-5789,tampa
['info@bbbwestflorida.org'],'http://www.architecturalproductsinc.com',(813) 248-4995,tampa
['daniel@blantonglass.com'],'http://blantonglass.com',(813) 884-0411,tampa
['sarah@bayareaglass.com'],'https://www.facebook.com/pages/bay-area-glass-door-service-inc/1395507550672804',(813) 228-0118,tampa
['jdinicolaecoviewtampabay@gmail.com'],'http://ecoviewwindows.com',(813) 885-4837,tampa
['info@doornmore.com'],'http://www.doornmore.com',(813) 876-6699,tampa
['shaun@doorglassco.com'],'http://www.tampadoorandglass.com',(813) 626-1311,tampa
['kentucky@g8pro.com'],'http://www.proaccesssystems.com',(813) 664-0606,tampa
['gail@allfloridaroofs.com'],'http://www.allfloridaroofs.com',(727) 572-1019,tampa
['info@enguitaconstruction.com'],'http://www.enguitaconstruction.com',(727) 600-8073,tampa
['cmbaileybob147@gmail.com'],'https://www.harborglass.net',(727) 373-6505,tampa
['milic@tampaliquidationcenter.com'],'http://www.tampaliquidationcenter.com/index.html',(813) 626-5050,tampa
['bobcarpenter@bcpeabody.com'],'http://www.bcpeabody.com',(813) 961-7300,tampa
['info@changeyourwindows.com'],'http://www.changeyourwindows.com',(813) 985-3200,tampa
['doordoctortampa@verizon.net'],'http://www.doordoctortampabay.com',(813) 962-4321,tampa
['karolywindows@gmail.com'],'http://www.flwindowreplacement.com',(813) 644-6523,tampa
['pdfoster@tampabay.rr.com'],'http://www.kaivisionbuilders.com',(813) 230-0374,tampa
['best-doors@hotmail.com'],'http://bestdoor.us',(813) 987-9065,tampa
['boucourt@gulfportdoors.com'],'http://www.gulfportdoors.com',(813) 626-5050,tampa
['tiffany.lee@faswd.com'],'http://www.faswd.com',(813) 514-9490,tampa
['info@newsouthwindow.com'],'http://newsouthwindow.com/locations-tampa',(813) 626-6000,tampa
['info@myusafence.com'],'http://www.myusafence.com',(813) 677-4411,tampa
['oks@tampabay.rr.com'],'http://www.outdoorkitchenstore.com',(813) 875-3447,tampa
['info@lltsbuildingsupply.com'],'http://www.lltsbuildingsupply.com',(813) 977-5372,tampa
['info@tampadoorrepair.com'],'http://floridcommercialdoor.com',(813) 380-4700,tampa
['tlipton@thewindowsource.net'],'http://www.thewindowsource.net',(813) 475-5406,tampa
['ian@caseydoor.com'],'http://www.caseydoor.com',(813) 626-3444,tampa
['bonisdoors@yahoo.com'],'http://www.bonisdoors.com',(813) 251-2687,tampa
['shafagh_behjati@yahoo.com'],'http://www.doornmore.com',(813) 263-8045,tampa
['vinny@jvconstructionservices.com'],'http://www.jvconstructionservices.com',(813) 641-4524,tampa
['poolscreen@gmail.com'],'http://www.southernaluminuminc.com',(813) 264-7477,tampa
['john@theplumbingplace.com'],'http://www.theplumbingplace.com',(941) 724-8593,tampa
['dkah@carrollwoodwindow-door.com'],'https://api.superpages.com/xml/search?SRC=ypintfeed&subaffiliate=DXC&PGID=e02.7182.8182845904523&SPGID=1551976668073.13f9078b&ADID=11008665&DEST=http%3A%2F%2Fcarrollwoodwindow-door.mydex.com%2FHPBISsVXKt4&C=garage%20doors&T=Tampa&S=FL&PH=(813)%20618-5798&FL=url&TL=off&position=0&PS=1&PI=1&Results=FEED_CLCK&uid=13f9078b-5946-43e8-9e52-f149e0080c69&REF=https%3A%2F%2Fwww.yellowpages.com%2Fsearch%3Fsearch_terms%3Dgarage%2520doors%26geo_location_terms%3Dtampa%26page%3D12&IP=71.69.136.242&UserAgent=Scrapy%2F1.5.1%20(%2Bhttps%3A%2F%2Fscrapy.org)',(813) 618-5798,tampa
['ccane@canewindows.com'],'https://api.superpages.com/xml/search?SRC=ypintfeed&subaffiliate=DXC&PGID=e02.7182.8182845904523&SPGID=1551976668201.3d032adf&ADID=11893667&DEST=http%3A%2F%2Fcanewindows1.mydex.com%2FvgH_i9lAnKM&C=garage%20doors&T=Palm%20Harbor&S=FL&PH=(727)%20219-2741&FL=url&TL=off&position=0&PS=1&PI=1&Results=FEED_CLCK&uid=3d032adf-83cc-4b7b-a786-dfce4253ea7a&REF=https%3A%2F%2Fwww.yellowpages.com%2Fsearch%3Fsearch_terms%3Dgarage%2520doors%26geo_location_terms%3Dtampa%26page%3D12&IP=71.69.136.242&UserAgent=Scrapy%2F1.5.1%20(%2Bhttps%3A%2F%2Fscrapy.org)',(727) 219-2741,tampa
['aliwom@comcast.net'],'https://api.superpages.com/xml/search?SRC=ypintfeed&subaffiliate=DXC&PGID=e02.7182.8182845904523&SPGID=1551976668256.5ae1aadf&ADID=11920015&DEST=http%3A%2F%2Fwomblesglassandmirror1.mydex.com%2FQEp9klRYIDM&C=garage%20doors&T=Sarasota&S=FL&PH=(941)%20343-8506&FL=url&TL=off&position=0&PS=1&PI=1&Results=FEED_CLCK&uid=5ae1aadf-02a5-4f27-9ff9-6e4c0260a201&REF=https%3A%2F%2Fwww.yellowpages.com%2Fsearch%3Fsearch_terms%3Dgarage%2520doors%26geo_location_terms%3Dtampa%26page%3D12&IP=71.69.136.242&UserAgent=Scrapy%2F1.5.1%20(%2Bhttps%3A%2F%2Fscrapy.org)',(941) 343-8506,tampa
['allshuttersolutions@hotmail.com'],'https://api.superpages.com/xml/search?SRC=ypintfeed&subaffiliate=DXC&PGID=e02.7182.8182845904523&SPGID=1551976668321.e2322df0&ADID=11923409&DEST=http%3A%2F%2Fallshutter1.mydex.com%2FRcW9jvuAfwg&C=garage%20doors&T=Pompano%20Beach&S=FL&PH=(954)%20320-0410&FL=url&TL=off&position=0&PS=1&PI=1&Results=FEED_CLCK&uid=e2322df0-dd28-4360-828d-be0ea17def62&REF=https%3A%2F%2Fwww.yellowpages.com%2Fsearch%3Fsearch_terms%3Dgarage%2520doors%26geo_location_terms%3Dtampa%26page%3D12&IP=71.69.136.242&UserAgent=Scrapy%2F1.5.1%20(%2Bhttps%3A%2F%2Fscrapy.org)',(954) 320-0410,tampa
['trinitygaragedoorservice@gmail.com'],'http://www.clearwatergaragedoorrepair.com',(813) 447-3874,tampa
['Riverview@GarageDoorsStoreRepair.com'],'https://www.riverview.garagedoorsstorerepair.com',(813) 440-3038,tampa
['Brandon@Eagle-Garage-Door-Service.com'],'https://www.brandon.eagle-garage-door-service.com',(813) 551-0741,tampa
['kurt@americandoorfla.com'],'http://www.americandoorfla.com',(813) 988-6448,tampa
['support@americandoorfla.com'],'http://www.americandoorfla.com',(813) 988-6448,tampa
['info@hbamv.org'],'http://www.weathertitewindows.com',(813) 908-0131,tampa
['info@autoslideofamerica.com'],'http://www.overheadtampa.com',(813) 885-3667,tampa
['info.tampa@americanrollupdoor.com'],'http://www.americanrollupdoor.biz',(813) 623-3529,tampa
['Tampa@SOS-Garage-Door-Service.com'],'https://www.tampa.sos-garage-door-service.com',(813) 530-1633,tampa
['surefixitgaragedoors@gmail.com'],'https://sure-thing-garage-doors-tampa.business.site/?m=true',(813) 437-2373,tampa
['tampabay@doorability.com'],'http://doorability.com',(813) 999-0236,tampa
['sales@orangecountyglassorlando.com'],'http://www.orangecountyglassorlando.com',(407) 841-8488,orlando
['info@acegaragedoorfl.com'],'http://www.acegaragedoorfl.com',(407) 281-1455,orlando
['svservicefl@gmail.com'],'http://www.localgaragedoor.org',(407) 608-5694,orlando
['info@taborinsulation.com'],'http://www.usiinc.com',(407) 859-0080,orlando
['birdgaragedoor@gmail.com'],'http://www.birdgaragedoor.com',(407) 733-1199,orlando
['commservicefl@dhpace.com'],'http://www.dhpaceflorida.com',(407) 563-3668,orlando
['Orlando@Neighborhood-Garage-Door-Repair-Service.com'],'https://www.orlando.neighborhood-garage-door-repair-service.com',(407) 674-0845,orlando
['saidkhallawi@gmail.com'],'http://www.torsionspringspecialist.wordpress.com',(407) 442-6073,orlando
['Orlando@Garage-Door-Mobile-Service.com'],'https://www.orlando.garage-door-mobile-service.com',(407) 936-7514,orlando
['Orlando@Community-Garage-Door-Repair-Service.com'],'https://www.orlando.community-garage-door-repair-service.com',(407) 624-4875,orlando
['scardone@unitedsub.com'],'http://www.usiinc.com',(407) 859-0080,orlando
['Orlando@State-Garage-Door-Repair-Service.com'],'https://www.orlando.state-garage-door-repair-service.com',(407) 542-2358,orlando
['info@armstronggaragedoor.com'],'http://www.armstronggaragedoor.com',(407) 422-7117,orlando
['Orlando@Neighborhood-Garage-Door.com'],'https://www.orlando.neighborhood-garage-door.com',(407) 900-0108,orlando
['Orlando@All-County-GarageDoor-Repair-Service.com'],'https://www.orlando.all-county-garagedoor-repair-service.com',(407) 584-7478,orlando
['Kadair@wayne-dalton.com'],'http://www.wayne-dalton.com',(407) 856-9557,orlando
['info@qualitygaragedoororlando.com'],'http://www.qualitygaragedoororlando.com',(407) 895-0022,orlando
['info@overheaddoorparts.com'],'http://www.mastergaragedoor.com',(813) 675-1003,tampa
['Orlando@Master-Garage-Door-Repair-Service.com'],'https://www.orlando.master-garage-door-repair-service.com',(407) 710-0076,orlando
['info@jbmathews.com'],'http://www.jbmathews.com',(407) 656-1289,orlando
['Casselberry@Garage-Door-Shop-Repair.com'],'https://www.casselberry.garage-door-shop-repair.com',(407) 385-0190,orlando
['PDSCustomerservice@Precisiondoor.net'],'http://garagedoorsfl.com',(407) 473-6080,orlando
['Ocoee@Garage-Door-And-Opener-Repairs.com'],'https://www.ocoee.garage-door-and-opener-repairs.com',(407) 513-4044,orlando
['WinterPark@United-Garage-Door.com'],'https://www.winterpark.united-garage-door.com',(407) 818-1199,orlando
['Maitland@Security-Garage-Door-Repair-Service.com'],'https://www.maitland.security-garage-door-repair-service.com',(407) 504-0224,orlando
['rlay1@cfl.rr.com'],'http://www.layswindowsanddoors.thebluebook.com',(407) 273-2970,orlando
['matt@dixieshowerdoors.com'],'http://dixieshowerdoors.com',(407) 792-2136,orlando
['attilio@garagedoors-r-us.com'],'https://garagedoors-r-us.com',(407) 592-0339,orlando
['Budgetgaragedooorsco@gmail.com'],'http://www.garagedoorrepairfast.com',(321) 277-6085,orlando
['dayshomesolutions@embarqmail.com'],'http://www.dayshomesolutions.com',(407) 695-0616,orlando
['lumbertakeoff@aol.com'],'https://www.lumbertakeoff.net',(407) 461-0111,orlando
['jim@accuratewindowanddoor.com'],'http://accuratewindowsanddoors.com',(407) 673-1159,orlando
['a-lynns@orlandowindowanddoor.com'],'http://www.orlandowindowanddoor.com',(407) 260-1188,orlando
['info@4eglass.com'],'http://www.4eglass.com',(407) 264-9490,orlando
['frontdeskoviedoglass@gmail.com'],'http://www.oviedoglassinc.com',(407) 359-1328,orlando
['Chukgil37@gmail.com'],'http://www.entrydoorsorlando.com',(407) 331-9663,orlando
['tim.ecoviewcentralflorida@gmail.com'],'http://www.ecoviewcfl.com',(407) 834-1045,orlando
['info@collisroofing.com'],'http://collisroofing.com',(321) 441-2300,orlando
['ti-con@cfl.rr.com'],'http://www.titusvilleconstruction.com',(321) 360-8262,orlando
['jcarty@budgetblinds.com'],'http://www.budgetblinds.com/StCloud/?src=LZ',(407) 671-1261,orlando
['rolladen1@aol.com'],'http://rolladen.com',(407) 834-7577,orlando
['paul@conceptsinconstruction.com'],'http://www.conceptsinconstruction.com',(407) 493-0149,orlando
['aspendc@yahoo.com'],'http://www.aspendiversified.com',(321) 229-6803,orlando
['lisa.tatro@vintageirondoors.com'],'http://vintageirondoors.com',(407) 339-2555,orlando
['Coast936@yahoo.com'],'http://coasttocoastam.com',(321) 295-8036,orlando
['rod@floridawds.com'],'http://www.floridawds.com',(321) 279-3798,orlando
['tom.pulsifer@norfolkne.com'],'http://www.millsnebraska.com',(407) 298-5600,orlando
['sales_@trim-pak.com'],'http://www.trim-pak.com',(407) 851-8900,orlando
['nathaniel@gleamguard.com'],'http://www.gleamguard.com',(407) 801-4535,orlando
['inforose@rosefencecompany.com'],'http://www.orlandofence.com',(407) 382-5000,orlando
['info@carrollbradford.com'],'https://www.cbroofing.com/orlando',(407) 647-9420,orlando
['info@acmeglassorlando.com'],'http://acmeglassorlando.com',(407) 841-4330,orlando
['sales@millsnebraska.com'],'http://www.millsnebraska.com',(407) 298-5600,orlando
['JLane@southerndoorandtrim.org'],'http://www.southerndoorandtrim.org',(407) 235-0809,orlando
['fltreat@bellsouth.net'],'http://everythingscreen.com',(407) 365-9600,orlando
['brent@bandckitchens.com'],'http://www.bandckitchens.com',(352) 552-0448,orlando
['allhome1967@gmail.com'],'http://allhomerepairsfl.com',(407) 310-1967,orlando
['dolphindoor@prodigy.net'],'http://dolphindoor.net',(407) 948-3472,orlando
['SouthernDTLLC@Yahoo.com'],'http://www.southerndoorandtrim.org',(407) 235-0809,orlando
['map@mikesalum.com'],'http://maxantusa.com',(407) 855-1989,orlando
['support@glass-orlando.com'],'http://www.glass-orlando.com',(407) 298-4994,orlando
['Customwindowsflorida@gmail.com'],'http://www.uscustomwindowsdoors.com',(866) 272-7533,orlando
['randy@beaverdoor.com'],'http://www.doitbest.com',(407) 298-4343,orlando
['klamont@armorvue.com'],'https://www.armorvue.com/locations/orlando-fl',(407) 839-7655,orlando
['info@getdoorsdirect.com'],'http://www.buydoorsdirect.com',(352) 243-0180,orlando
['michaelkibler@aslidingdoorrepair.com'],'http://aslidingdoorrepair.com',(321) 280-6069,orlando
['sales@sunbarrierproducts.com'],'http://www.sunbarrierproducts.com',(407) 901-0229,orlando
['kswill9011@aol.com'],'http://www.dunstansplumbing.com',(352) 504-3252,orlando
['ray.mauro@agmaurofla.com'],'http://www.agmauro.com/',(407) 333-0500,orlando
['parond@fairbornequipment.com'],'http://www.fairbornequipmentfl.com/',(407) 440-0672,orlando
['office@universalroof.com'],'http://www.universalroof.com',(407) 204-9210,orlando
['michael@aslidingdoorrepair.com'],'http://aslidingdoorrepair.com',(407) 754-0027,orlando
['classicwindowsinc@gmail.com'],'http://www.orlandowindowreplacement.com',(407) 843-3611,orlando
['bradcurlhandyman@hotmail.com'],'http://bradcurlhandyman.com',(407) 448-6451,orlando
['Info@rollupdoorsdirect.com'],'http://www.rollupdoorsdirect.com',(877) 357-3667,orlando
['chelsea@rbfla.com'],'http://rbafla.com',(321) 248-7314,orlando
['windowsplus@earthlink.net'],'http://www.welovewindows.com',(407) 599-5525,orlando
['dagateaccess@embarqmail.com'],'http://dagateaccess.com',(407) 464-7133,orlando
['centralflorida@windowworld.com'],'https://www.windowworldorlando.com',(407) 389-1400,orlando
['matt.eckhoff@fenceoutletonline.com'],'http://www.fenceoutletonline.com',(407) 851-6660,orlando
['tcain@precisiondoor.net'],'http://www.garagedoorsfl.com',(866) 884-7731,orlando
['eric.kankowski@gmail.com'],'http://www.garnerwindow.com',(407) 291-6241,orlando
['Windermere@Quality-Garage-Door.com'],'https://www.windermere.quality-garage-door.com',(407) 705-2628,orlando
['aagaragedoorrepair@aol.com'],'http://www.aasamedaygaragedoors.com',(407) 780-1691,orlando
['rtdoors@gmail.com'],'http://rtgaragedoors.com',(407) 780-1933,orlando
['Orlando@Garage-Door-Shop.com'],'https://www.orlando.garage-door-shop.com',(407) 907-6531,orlando
['bcigaragedoor@gmail.com'],'http://bcigaragedoor.com',(407) 859-6582,orlando
['aaewindows@gmail.com'],'http://www.all-americanexteriors.com',(407) 830-7004,orlando
['homesmartgaragedoors@gmail.com'],'http://www.homesmartgaragedoors.com',(407) 413-2178,orlando
['daveronrepair@gmail.com'],'http://daveroninc.com',(407) 866-1361,orlando
['Orlando@Express-Garage-Door-Repair-Service.com'],'https://www.orlando.express-garage-door-repair-service.com',(407) 641-0659,orlando
['Tampa@Galaxy-Garage-Door-Service.com'],'https://www.tampa.galaxy-garage-door-service.com',(813) 774-5153,tampa
['associates@danddgaragedoors.com'],'http://www.danddgaragedoors.com/locations/sarasota-corporate-office',(813) 248-3207,tampa
['tlv611@msn.com'],'http://www.sarasotagaragedoor.com',(941) 720-0164,tampa
['Tampa@Capitol-Garage-Door-Service.com'],'https://www.tampa.capitol-garage-door-service.com',(813) 579-4452,tampa
['service@liftprogaragedoor.com'],'http://www.liftprogaragedoor.com',(813) 341-6400,tampa
['Tampa@Express-Garage-Door-Service.com'],'https://www.tampa.express-garage-door-service.com',(813) 666-4415,tampa
['billsgardner@msn.com'],'http://profgd.com',(727) 845-5728,tampa
['galipeaufl@aol.com'],'https://api.superpages.com/xml/search?SRC=ypintfeed&subaffiliate=DXC&PGID=e02.7182.8182845904523&SPGID=1551976711947.9d00f447&ADID=11920527&DEST=http%3A%2F%2Faaactiondoorrepair1.mydex.com%2FL9SlwvhRL-s&C=garage%20doors&T=Lakeland&S=FL&PH=(863)%20808-1006&FL=url&TL=off&position=0&PS=1&PI=1&Results=FEED_CLCK&uid=9d00f447-570b-4610-a624-b9436a810cf7&REF=https%3A%2F%2Fwww.yellowpages.com%2Fsearch%3Fsearch_terms%3Dgarage%2520doors%26geo_location_terms%3Dtampa&IP=71.69.136.242&UserAgent=Scrapy%2F1.5.1%20(%2Bhttps%3A%2F%2Fscrapy.org)',(863) 808-1006,tampa
['garageservicetoday@gmail.com'],'http://www.accessgaragedoor.net',(941) 248-2206,tampa
['maferaw@aol.com'],'https://api.superpages.com/xml/search?SRC=ypintfeed&subaffiliate=DXC&PGID=e02.7182.8182845904523&SPGID=1551976712098.0766b2f1&ADID=11919371&DEST=http%3A%2F%2Fgeneralgaragedoor.mydex.com%2FzL5jZheOvE0&C=garage%20doors&T=Riviera%20Beach&S=FL&PH=(561)%20328-4635&FL=url&TL=off&position=0&PS=1&PI=1&Results=FEED_CLCK&uid=0766b2f1-09a3-47df-9d02-62986f4f2fd9&REF=https%3A%2F%2Fwww.yellowpages.com%2Fsearch%3Fsearch_terms%3Dgarage%2520doors%26geo_location_terms%3Dtampa&IP=71.69.136.242&UserAgent=Scrapy%2F1.5.1%20(%2Bhttps%3A%2F%2Fscrapy.org)',(561) 328-4635,tampa
['davey@armortechwindowsanddoors.com'],'http://www.armortechwindowsanddoors.com',(727) 287-5198,tampa
['tampa@precision-of-hillsborough.com'],'http://www.tampagaragedoorsfl.com',(813) 445-6035,tampa
['goodguysgaragefl@gmail.com'],'http://www.budget.com',(973) 361-8282,orlando
['gorillagaragedoor@gmail.com'],'https://www.gorillagaragedoors.com',(407) 773-4123,orlando
['felixmosquea@icloud.com'],'http://garagehomepros.com',(321) 200-1159,orlando
['billy@armstronggaragedoor.com'],'https://armstronggaragedoor.com',(407) 204-0137,orlando
['atrdoors@hotmail.com'],'http://abovetherestdoors.com',(407) 749-1415,orlando
['info@ohdcentralfla.com'],'http://www.ohdcentralfla.com',(407) 578-8757,orlando
['davidarvelo89@gmail.com'],'http://garagedoorsofcentralflorida.com',(407) 530-0654,orlando
['branchgaragedoor@aol.com'],'http://www.branchgaragedoors.com',(407) 295-6538,orlando
['natshar@hotmail.com'],'http://garagedoorsorl.com',(407) 344-8305,orlando
['noahacount@aol.com'],'http://www.rite-wayinstallations.com',(919) 382-0185,Durham
['wefixitgd@gmail.com'],'http://wefixitgd.com',(844) 624-2724,Durham
['northstategaragedoorsllc@gmail.com'],'http://northstategaragedoors.com',(919) 964-3667,Durham
['alamancefenceco@bellsouth.net'],'https://api.superpages.com/xml/search?SRC=ypintfeed&subaffiliate=DXC&PGID=e02.7182.8182845904523&SPGID=1551976715245.2534e701&ADID=11949745&DEST=http%3A%2F%2Falamancefence.mydex.com%2FFAhdds4cTz0&C=garage%20doors&T=Burlington&S=NC&PH=(336)%20329-3386&FL=url&TL=off&position=0&PS=1&PI=1&Results=FEED_CLCK&uid=2534e701-08e1-45b7-aa7b-b124d6effb9b&REF=https%3A%2F%2Fwww.yellowpages.com%2Fsearch%3Fsearch_terms%3Dgarage%2520doors%26geo_location_terms%3DDurham&IP=71.69.136.242&UserAgent=Scrapy%2F1.5.1%20(%2Bhttps%3A%2F%2Fscrapy.org)',(336) 329-3386,Durham
['garagedoorserviceoforlando@gmail.com'],'http://www.garagedoor-solution.com',(407) 203-9359,orlando
['carlene@idealwindow.com'],'http://www.idealwindow.com',(201) 437-1185,jersey city
['newjersey@garagedoorprorepair.com'],'https://garagedoorrepair-nj.com',(201) 500-3804,jersey city
['NewYork@USA-Garage-Doors-Repair-Service.com'],'https://www.newyork.usa-garage-doors-repair-service.com',(212) 918-5379,jersey city
['info@garagedoorsreplacements.us'],'http://www.garagedoorsreplacements.us',(862) 233-2125,jersey city
['NewYork@Interstate-Garage-Door-Service.com'],'https://www.newyork.interstate-garage-door-service.com',(212) 918-5357,jersey city
['garagedoorof.humble@gmail.com'],'http://garagedoorofhumble.com',(346) 240-3356,jersey city
['Brooklyn@Central-Garage-Door-Service.com'],'https://www.brooklyn.central-garage-door-service.com',(347) 342-0306,jersey city
['NewYork@SOS-Garage-Door-Service.com'],'https://www.newyork.sos-garage-door-service.com',(212) 918-5367,jersey city
['garagedoorofhumble@gmail.com'],'http://garagedoorofhumble.com',(281) 698-0621,jersey city
['yaaly.adid@gmail.com'],'http://www.beechgrove-garagedoor.com',(317) 395-3715,jersey city
['stephanyaryanna889@gmail.com'],'https://garage-opener-repair-dickinson-tx.business.site',(346) 240-3400,jersey city
['NewYork@Golden-Garage-Door-Service.com'],'https://www.newyork.golden-garage-door-service.com',(212) 918-5360,jersey city
['info@dooromaticnj.com'],'http://www.dooromaticnj.com',(973) 562-0077,jersey city
['NewYork@5-Star-Garage-Door.com'],'https://www.newyork.5-star-garage-door.com',(212) 918-5363,jersey city
['NewYork@Global-Garage-Door-Service.com'],'https://www.newyork.global-garage-door-service.com',(212) 918-5364,jersey city
['Brooklyn@Express-Garage-Door-Repair-Service.com'],'https://www.brooklyn.express-garage-door-repair-service.com',(347) 220-8005,jersey city
['info@garagedoorrepairservice.biz'],'http://garagedoorrepairservice.biz/#6q3p0',(908) 736-4211,jersey city
['NewYork@Quality-Garage-Door-Service.com'],'https://www.newyork.quality-garage-door-service.com',(212) 918-5368,jersey city
['NewYork@Garage-Door-Mobile-Service.com'],'https://www.newyork.garage-door-mobile-service.com',(212) 918-5417,jersey city
['greg@door.org'],'http://www.door.org',(212) 941-9090,jersey city
['madison.ande.imo@gmail.com'],'http://garagedoorrepairgreenfield.com',(317) 863-0433,jersey city
['NewYork@All-County-GarageDoor-Repair-Service.com'],'https://www.newyork.all-county-garagedoor-repair-service.com',(212) 918-5384,jersey city
['StatenIsland@Galaxy-Garage-Door-Service.com'],'https://www.statenisland.galaxy-garage-door-service.com',(347) 690-0251,jersey city
['StatenIsland@Interstate-Garage-Door-Service.com'],'https://www.statenisland.interstate-garage-door-service.com',(347) 732-1574,jersey city
['LongIslandCity@Golden-Garage-Door-Repair-Service.com'],'https://www.longislandcity.golden-garage-door-repair-service.com',(516) 744-7089,jersey city
['StatenIsland@Neighborhood-Garage-Door-Service.com'],'https://www.statenisland.neighborhood-garage-door-service.com',(347) 625-1325,jersey city
['Hurst@Capitol-Garage-Door-Service.com'],'https://www.statenisland.neighborhood-garage-door-service.com',(817) 677-6069,jersey city
['sales@sunnywindows.net'],'http://www.sunnywindows.net',(212) 426-0903,jersey city
['awsales@architecturalwindow.com'],'http://architecturalwindow.com',(201) 933-5094,jersey city
['info@jerseysteeldoors.com'],'http://jerseysteeldoors.com',(973) 482-4020,jersey city
['jlombardy@lombardydoors.com'],'http://www.lombardydoors.com',(973) 759-0016,jersey city
['007doorman@gmail.com'],'http://maplewoodonline.com',(973) 996-2189,jersey city
['navyyardtowing@gmail.com'],'http://www.rollinggatemanhattanny.com',(718) 280-1223,jersey city
['cust-service@njdoorworks.com'],'http://njdoorworks.com',(973) 256-7272,jersey city
['southeast@alpinedoors.com'],'http://www.alpinedoors.com',(718) 384-6100,jersey city
['doorsdirectjim@hotmail.com'],'http://www.doorsdirectllc.com',(908) 354-6666,jersey city
['bobslocksmithing@gmail.com'],'http://www.bobslocksmith.com',(718) 447-5335,jersey city
['ainelli@RoyalPrime.com'],'http://royalprime.com',(908) 354-7600,jersey city
['jjforest123@gmail.com'],'http://www.nycrollinggatesrepair.com',(718) 534-0018,jersey city
['parkglass@verizon.net'],'http://www.parkglass.com',(908) 298-8349,jersey city
['Bildiscomfg@comcast.net'],'http://www.bildisco.com',(973) 673-2400,jersey city
['info@peridothomeimprovements.net'],'http://www.peridothomeimprovements.net',(908) 686-1796,jersey city
['info@arredousa.com'],'http://www.arredousa.com',(212) 334-2363,jersey city
['galantesi@aol.com'],'http://angieslist.com/companylist/us/ny/staten-isl',(718) 273-2404,jersey city
['tro1414@comcast.net'],'http://www.theroofingoutlet.com',(908) 964-0200,jersey city
['info@dykeslumber.com'],'http://www.dykeslumber.com',(718) 784-3920,jersey city
['manhattanallservices@gmail.com'],'http://brooklyn-towing.com',(718) 514-8091,jersey city
['designerdoors478@yahoo.com'],'http://designerdoors478.com',(718) 965-3616,jersey city
['info@capriwindow.com'],'http://www.capriwindow.com',(718) 439-9705,jersey city
['boroparkironworks@yahoo.com'],'http://www.bpironworks.com',(718) 633-0035,jersey city
['info@doormartusa.com'],'http://www.doormartusa.com',(877) 561-3667,jersey city
['info@mckeondoor.com'],'http://www.mckeondoor.com',(718) 965-0700,jersey city
['allianceglassinc@gmail.com'],'http://www.allianceglassinc.com/contact.html',(212) 222-5449,jersey city
['realwindows@thejnect.com'],'http://www.thejnet.com',(718) 782-2668,jersey city
['sales@ssgdoor.com'],'http://www.ssgdoor.com',(718) 486-7071,jersey city
['info@doorcladding.com'],'http://www.doorcladding.com',(800) 536-1459,jersey city
['zbconstruction73@aol.com'],'http://www.zbfineeuroconstruction.com/#sthash.ZMXuJEoo.dpbs',(908) 620-0555,jersey city
['info@parkercustomsecurity.com'],'http://securityservicescompanynewyork.com',(212) 491-5627,jersey city
['cashforbizs@gmail.com'],'http://www.rollingupgaterepairnyc.com',(929) 257-8138,jersey city
['info@doridoors.com'],'http://www.doridoors.com',(718) 402-2323,jersey city
['w.svenson@comcast.net'],'http://www.americanrollingdoor.com',(718) 273-0485,jersey city
['info@westsidewindows.com'],'http://westsidewindows.com',(718) 771-0077,jersey city
['info@karpinc.com'],'http://www.karpinc.com',(718) 784-2573,jersey city
['quotes@doorstopny.com'],'http://www.doorstopny.com',(718) 599-5112,jersey city
['doorguys@aol.com'],'http://www.randrfiredoor.com',(212) 996-1590,jersey city
['supremedoor@aol.com'],'http://www.supremefireproofdoor.com',(718) 665-4224,jersey city
['lifesafety@wm-industries.com'],'http://www.wm-industries.com',(718) 246-2626,jersey city
['edipo@godigitalny.com'],'http://libertyhi.com',(973) 242-0789,jersey city
['info-canada@raumplusna.com'],'http://www.raumplusna.com',(212) 947-0404,jersey city
['valli.italia@assaabloy.it'],'http://vallivalli-us.com',(212) 326-8816,jersey city
['eastcoastresidential@gmail.com'],'http://www.eastcoastresidentialnj.com',(908) 289-5670,jersey city
['violabros@violabros.com'],'http://www.violabros.com',(973) 667-7000,jersey city
['info@heritagecustomdoors.com'],'http://www.heritagecustomdoors.com',(718) 499-3667,jersey city
['innovativewindow@yahoo.com'],'http://www.innovativewindowny.com',(718) 389-1191,jersey city
['wincab701@gmail.com'],'http://jerseywindow.com',(973) 830-9245,jersey city
['pilgrim@mfsales.com'],'http://www.qualifiedhardware.com',(866) 749-7661,jersey city
['Kbmllc@Comcast.Net'],'http://kbmconstruction.net',(201) 826-1622,jersey city
['sales@exclusivedoor.com'],'http://www.exclusivedoor.com',(718) 246-2200,jersey city
['customerservice@doorsdirectny.com'],'http://doorsdirectny.com',(718) 302-1030,jersey city
['info@midwooddoors.com'],'http://www.midwooddoors.com',(718) 788-1399,jersey city
['ldeleon@cgrnj.com'],'http://www.cgrnj.com',(973) 832-7080,jersey city
['Lumberboys.NYC@gmail.com'],'http://www.lumberboys.com',(212) 683-0410,jersey city
['ufiredoor@aol.com'],'http://www.ufdoors.com',(718) 455-8442,jersey city
['gbsinc@si.rr.com'],'http://www.doitbest.com',(718) 447-2122,jersey city
['emeyers@kamco.com'],'http://www.kamconewyork.com',(718) 768-1234,jersey city
['pandz@co.twin-falls.id.us'],'http://steelcraftgate.com',(718) 384-6484,jersey city
['visualale@gmail.com'],'http://heightshistoric.com',(888) 358-4395,jersey city
['masj2100@yahoo.com'],'http://www.essexglassshop.com',(973) 675-7201,jersey city
['astomalockandsafe@yahoo.com'],'http://nylockandsafe.com',(718) 278-0056,jersey city
['info@greaterorangelocksmith.com'],'http://www.greaterorangelocksmith.com',(862) 250-5599,jersey city
['info@windowfixinc.com'],'http://windowfix.com',(800) 337-1620,jersey city
['runner717@aol.com'],'https://api.superpages.com/xml/search?SRC=ypintfeed&subaffiliate=DXC&PGID=e02.7182.8182845904523&SPGID=1551976748160.d47f57ad&ADID=11117205&DEST=http%3A%2F%2Fhansenbrosinc.mydex.com%2FGk8ul5tDWw0&C=garage%20doors&T=North%20Bergen&S=NJ&PH=(551)%20257-4853&FL=url&TL=off&position=0&PS=1&PI=1&Results=FEED_CLCK&uid=d47f57ad-8bfb-44c9-8dc4-10f87d0c75d8&REF=https%3A%2F%2Fwww.yellowpages.com%2Fsearch%3Fsearch_terms%3Dgarage%2520doors%26geo_location_terms%3Djersey%2520city%26page%3D27&IP=71.69.136.242&UserAgent=Scrapy%2F1.5.1%20(%2Bhttps%3A%2F%2Fscrapy.org)',(551) 257-4853,jersey city
['essex61357@aol.com'],'http://www.essexalarms.com',(862) 930-1168,jersey city
['customerservice@survivorwindowsii.com'],'http://survivorwindowsii.com',(908) 353-1155,jersey city
['newyorkrollinggatesrepair@gmail.com'],'http://www.newyorkrollinggatesrepair.com',(718) 280-1502,jersey city
['elizabethdoors@yahoo.com'],'http://www.elizabethoverheaddoors.com',(908) 436-3790,jersey city
['dmackenzie@mackenziedoor.com'],'http://www.proxy93392092903.com',(212) 227-1630,jersey city
['neriss.reason@gmail.com'],'http://garagedoorgreenfield.com',(317) 395-3870,jersey city
['Ben@uacgatesbrooklyn.com'],'http://uacgatesbrooklyn.com',(718) 873-9056,jersey city
['wyomen.erola@gmail.com'],'http://garagedoormccordsville.com',(317) 468-9196,jersey city
['statenislandgd@gmail.com'],'https://www.statenislandgaragedoors.co',(347) 201-4403,jersey city
['Thomas@gatesbrooklyn.com'],'http://gatesbrooklyn.com',(718) 569-6641,jersey city
['NewYork@Capitol-Garage-Door-Repair-Service.com'],'https://www.newyork.capitol-garage-door-repair-service.com',(212) 918-5386,jersey city
['Brooklyn@HighTech-Garage-Door.com'],'https://www.brooklyn.hightech-garage-door.com',(347) 797-5015,jersey city
['NewYork@Garage-Door-Mobile-Service-Repair.com'],'https://www.newyork.garage-door-mobile-service-repair.com',(212) 918-5377,jersey city
['NewYork@Trust-Garage-Door.com'],'https://www.newyork.trust-garage-door.com',(212) 918-5404,jersey city
['garagengatenyc@gmail.com'],'http://www.nycgaragedoorsandgatesrepair.com/index.html',(347) 474-6940,jersey city
['Brooklyn@Garage-Door-Solution-Repair-Service.com'],'https://www.brooklyn.garage-door-solution-repair-service.com',(347) 515-6467,jersey city
['Brooklyn@Garage-Door-Mobile-Service.com'],'https://www.brooklyn.garage-door-mobile-service.com',(347) 603-1009,jersey city
['Brooklyn@Community-Garage-Door-Service.com'],'https://www.brooklyn.community-garage-door-service.com',(347) 382-7981,jersey city
['kaemonkaelin@gmail.com'],'http://garagedoorrepair-greenwood.com',(317) 883-7239,jersey city
['info@electric-hair.com'],'http://electric-hair.com',(718) 447-8245,jersey city
['info@thompsondoor.com'],'http://www.thompsondoor.com',(718) 788-2470,jersey city
['angie@gildnsonwindows.com'],'http://www.gildnsonwindows.com',(201) 991-6222,jersey city
['siding4homes@gmail.com'],'http://www.jbsiding.com',(888) 825-5049,jersey city
['danny@palisadelumber.com'],'http://www.angieslist.com/companylist/us/nj/jersey-city/palisade-lumber-and-supply-inc-reviews-3754822.htm',(201) 656-4400,jersey city
['gary902@yahoo.com'],'http://www.handymangary.com',(973) 902-8655,jersey city
['hudsonandbergen@gmail.com'],'http://www.hudsonandbergen.com',(201) 991-4900,jersey city
['info@pfmglass.com'],'http://pfmglass.com',(908) 862-3939,jersey city
['robertdebenedetto@hotmail.com'],'http://actionoverheaddoors.com',(201) 656-2191,jersey city
['jaxonmateo19@gmail.com'],'http://garagedooroffarmingtonhills.com',(346) 571-9014,jersey city
['kari.torres03@gmail.com'],'http://bergencountyoverheaddoorsinc.com',(201) 522-0342,jersey city
['j672d@optonline.net'],'http://www.taylordoornj.com',(973) 754-9444,jersey city
['harpergabriel446@gmail.com'],'http://garagedoorerieco.com',(303) 578-6628,jersey city
['info@rembrandtwindows.com'],'http://www.rembrandtwindows.com',(714) 962-5220,irvine
['pacificcoaststeel@verizon.net'],'http://pacificcoastironworks.com',(714) 556-5359,irvine
['tyler.nbgd@gmail.com'],'http://www.newportoverheadgaragedoors.com',(949) 873-5858,irvine
['martyswindowndoors@yahoo.com'],'http://www.marvin.com',(800) 983-6674,irvine
['mattemard@standoor.com'],'http://standoor.com',(714) 533-1775,irvine
